timestamp,scene,event,elapsed_seconds,deaths_this_run,total_deaths,details
"2026-03-02 13:48:31","SahilLevelDesign","death",8.18,1,1,"Resident one-shot (trigger)"
"2026-03-02 15:09:02","SahilLevelDesign","death",10.16,1,1,"Resident one-shot (trigger)"
"2026-03-02 16:06:17","SahilLevelDesign","death",33.12,1,1,"Resident one-shot (trigger)"
"2026-03-02 16:42:47","SahilLevelDesign","death",3.66,1,1,"Resident one-shot (trigger)"
"2026-03-02 16:55:05","SahilLevelDesign","death",41.52,1,1,"Resident one-shot (trigger)"
"2026-03-02 16:56:36","SahilLevelDesign","death",87.55,1,2,"Resident one-shot (trigger)"
"2026-03-02 23:18:02","SahilLevelDesign","death",5.14,1,1,"Resident one-shot (trigger)"
"2026-03-02 23:18:55","SahilLevelDesign","death",42.66,1,1,"Resident one-shot (trigger)"
"2026-03-02 23:41:49","SahilLevelDesign","escape",145.75,0,0,"main_door_unlocked"
"2026-03-03 00:08:30","SahilLevelDesign","escape",87.69,0,0,"main_door_unlocked"
"2026-03-03 00:20:14","SahilLevelDesign","death",60.24,1,1,"Resident one-shot (trigger)"
"2026-03-03 00:21:05","SahilLevelDesign","death",48.61,1,2,"Resident one-shot (trigger)"
"2026-03-03 00:50:24","SahilLevelDesign","death",56.24,1,1,"Resident one-shot (trigger)"
"2026-03-03 00:52:16","SahilLevelDesign","death",32.14,1,1,"Resident one-shot (trigger)"
"2026-03-03 01:00:57","SahilLevelDesign","death",26.64,1,1,"Resident one-shot (trigger)"
"2026-03-03 01:51:10","SahilLevelDesign","death",6.06,1,1,"Resident one-shot (trigger)"
"2026-03-03 02:52:51","SahilLevelDesign","death",56.70,1,1,"Resident one-shot (trigger)"
"2026-03-03 02:54:01","SahilLevelDesign","death",64.32,1,2,"Resident one-shot (trigger)"
"2026-03-03 03:07:24","SahilLevelDesign","death",39.64,1,1,"Resident one-shot (trigger)"
"2026-03-03 03:08:53","SahilLevelDesign","death",85.98,1,2,"Resident one-shot (trigger)"
"2026-03-03 03:09:39","SahilLevelDesign","death",42.84,1,3,"Resident one-shot (trigger)"
"2026-03-03 03:22:12","SahilLevelDesign","death",56.74,1,1,"Resident one-shot (trigger)"
"2026-03-03 03:28:06","SahilLevelDesign","death",44.12,1,1,"Resident one-shot (trigger)"
"2026-03-03 03:55:31","SahilLevelDesign","death",124.46,1,1,"Resident one-shot (trigger)"
"2026-03-03 04:00:01","SahilLevelDesign","death",29.56,1,1,"Resident one-shot (trigger)"
"2026-03-03 04:20:48","SahilLevelDesign","death",39.90,1,1,"Resident one-shot (trigger)"
"2026-03-03 04:59:34","SahilLevelDesign","death",47.12,1,1,"Resident one-shot (trigger)"
"2026-03-03 05:19:58","SahilLevelDesign","death",54.00,1,1,"Resident one-shot (trigger)"
"2026-03-03 05:41:08","SahilLevelDesign","death",24.48,1,1,"Resident one-shot (trigger)"
"2026-03-03 05:44:24","SahilLevelDesign","death",7.10,1,1,"Resident one-shot (trigger)"
"2026-03-03 05:44:47","SahilLevelDesign","death",19.89,1,2,"Resident one-shot (trigger)"
"2026-03-03 05:45:31","SahilLevelDesign","death",6.96,1,1,"Resident one-shot (trigger)"
"2026-03-03 05:49:49","SahilLevelDesign","death",23.86,1,1,"Resident one-shot (trigger)"
"2026-03-03 05:50:44","SahilLevelDesign","death",6.50,1,1,"Resident one-shot (trigger)"
"2026-03-03 05:59:08","SahilLevelDesign","death",14.54,1,1,"Resident one-shot (trigger)"
"2026-03-03 05:59:26","SahilLevelDesign","death",4.40,1,2,"Resident one-shot (trigger)"
"2026-03-03 06:03:14","SahilLevelDesign","death",26.00,1,1,"Resident one-shot (trigger)"
"2026-03-03 06:10:14","SahilLevelDesign","death",86.56,1,1,"Resident one-shot (trigger)"
"2026-03-03 06:16:41","SahilLevelDesign","death",93.84,1,1,"Resident one-shot (trigger)"
"2026-03-03 06:18:18","SahilLevelDesign","death",93.80,1,2,"Resident one-shot (trigger)"
"2026-03-03 06:26:02","SahilLevelDesign","death",26.68,1,1,"Resident one-shot (trigger)"
"2026-03-03 06:26:37","SahilLevelDesign","death",3.02,1,1,"Resident one-shot (trigger)"
"2026-03-03 06:29:02","SahilLevelDesign","escape",140.58,0,1,"main_door_unlocked"
"2026-03-03 06:46:44","SahilLevelDesign","death",4.32,1,1,"Resident one-shot (trigger)"
"2026-03-03 06:47:41","SahilLevelDesign","death",46.89,1,2,"Resident one-shot (trigger)"
"2026-03-03 06:53:07","SahilLevelDesign","death",8.04,1,1,"Resident one-shot (trigger)"
"2026-03-03 07:06:44","SahilLevelDesign","death",3.02,1,1,"Resident one-shot (trigger)"
"2026-03-03 07:07:29","SahilLevelDesign","death",43.25,1,2,"Resident one-shot (trigger)"
"2026-03-03 07:45:45","SahilLevelDesign","escape",211.19,0,0,"main_door_unlocked"
"2026-03-03 08:50:40","SahilLevelDesign","death",66.16,1,1,"Resident one-shot (trigger)"
"2026-03-03 08:51:20","SahilLevelDesign","death",35.79,1,2,"Resident one-shot (trigger)"
"2026-03-03 08:52:03","SahilLevelDesign","death",38.95,1,3,"Resident one-shot (trigger)"
"2026-03-03 08:52:45","SahilLevelDesign","death",38.48,1,4,"Resident one-shot (trigger)"
"2026-03-23 17:30:11","SahilLevelDesign","death",15.70,1,1,"Resident one-shot (trigger)"
"2026-03-24 04:33:46","SahilLevelDesign","death",5.06,1,1,"Resident one-shot (trigger)"
"2026-03-24 04:38:25","SahilLevelDesign","death",27.40,1,1,"Resident one-shot (trigger)"
"2026-03-24 04:39:54","SahilLevelDesign","death",7.50,1,1,"Resident one-shot (trigger)"
"2026-03-24 04:46:44","SahilLevelDesign","death",6.04,1,1,"Resident one-shot (trigger)"
"2026-03-24 04:47:01","SahilLevelDesign","death",13.80,1,2,"Resident one-shot (trigger)"
"2026-03-24 05:41:03","SahilLevelDesign","escape",8.31,0,0,"main_door_unlocked"
"2026-03-24 02:56:30","Sushil's Level Design","death",66.50,1,1,"Resident one-shot (trigger)"
"2026-03-24 03:59:37","Sushil's Level Design","death",9.62,1,1,"Resident one-shot (trigger)"
"2026-03-24 04:08:50","Sushil's Level Design","death",13.60,1,1,"Resident one-shot (trigger)"
"2026-03-24 04:10:32","Sushil's Level Design","death",45.68,1,2,"Resident one-shot (trigger)"
"2026-03-24 04:34:39","Sushil's Level Design","death",15.40,1,1,"Resident one-shot (trigger)"
"2026-03-24 04:35:12","Sushil's Level Design","death",30.49,1,2,"Resident one-shot (trigger)"
"2026-03-24 04:37:51","Sushil's Level Design","death",15.52,1,1,"Resident one-shot (trigger)"
"2026-03-24 06:55:22","NewLevel","death",3.15,1,1,"Resident one-shot"
"2026-03-24 07:02:14","NewLevel","death",2.04,1,1,"Resident one-shot (trigger)"
"2026-03-24 07:02:28","NewLevel","death",6.32,1,1,"Resident one-shot (trigger)"
"2026-03-24 10:54:21","NewLevel Copy","death",48.78,1,1,"Resident one-shot"
"2026-03-24 10:54:29","NewLevel Copy","death",4.63,1,2,"Resident one-shot"
"2026-03-24 11:03:26","NewLevel","death",4.71,1,1,"Resident one-shot"
"2026-03-24 11:03:51","NewLevel","death",21.76,1,2,"Resident one-shot (trigger)"
"2026-03-24 11:03:56","NewLevel","death",3.15,1,3,"Resident one-shot (trigger)"
"2026-03-24 11:05:57","NewLevel","death",116.21,1,4,"Resident one-shot (trigger)"
"2026-03-24 11:06:29","NewLevel","death",27.22,1,5,"Resident found you hiding"
"2026-03-24 11:06:39","NewLevel","death",6.85,1,6,"Resident one-shot (trigger)"
"2026-03-24 11:07:19","NewLevel","death",3.23,1,1,"Resident one-shot (trigger)"
"2026-03-24 11:09:27","NewLevel","death",125.85,1,2,"Resident one-shot"
"2026-03-27 00:53:49","NewLevel","death",4.28,1,1,"Resident one-shot (trigger)"
"2026-03-27 00:54:22","NewLevel","death",30.27,1,2,"Resident one-shot"
"2026-03-27 01:24:27","NewLevel","death",16.99,1,1,"Resident one-shot"
"2026-03-27 01:25:39","NewLevel","escape",36.95,0,0,"main_door_unlocked"
"2026-03-27 01:08:31","NewLevel_Rohit","escape",53.89,0,0,"main_door_unlocked"
"2026-03-27 01:10:13","NewLevel_Rohit","death",39.08,1,1,"Resident one-shot (trigger)"
"2026-03-27 01:20:45","NewLevel","death",4.00,1,1,"Resident one-shot"
"2026-03-27 01:35:02","NewLevel","death",3.38,1,1,"Resident one-shot"
"2026-03-27 02:55:59","NewLevel","death",4.69,1,1,"Resident one-shot (trigger)"
"2026-03-27 09:17:39","NewLevel","death",6.22,1,1,"Resident one-shot (trigger)"
"2026-03-27 09:23:02","NewLevel","death",3.96,1,1,"Resident one-shot (trigger)"
"2026-03-27 09:23:11","NewLevel","death",4.66,1,2,"Resident one-shot (trigger)"
"2026-03-27 09:23:28","NewLevel","death",13.96,1,3,"Resident one-shot (trigger)"
"2026-03-27 09:24:34","NewLevel","death",7.88,1,1,"Resident one-shot (trigger)"
"2026-03-27 09:25:01","NewLevel","death",21.48,1,2,"Resident one-shot (trigger)"
"2026-03-27 09:26:52","NewLevel","death",7.51,1,1,"Resident one-shot (trigger)"
"2026-03-27 09:27:08","NewLevel","death",13.70,1,2,"Resident one-shot (trigger)"
"2026-03-27 09:27:19","NewLevel","death",8.07,1,3,"Resident one-shot (trigger)"
"2026-03-27 09:27:27","NewLevel","death",4.74,1,4,"Resident one-shot (trigger)"
"2026-03-27 10:03:06","NewLevel","death",37.63,1,1,"Resident one-shot (trigger)"
"2026-03-27 10:46:38","NewLevel","death",8.17,1,1,"Resident one-shot (trigger)"
"2026-03-27 10:46:48","NewLevel","death",7.64,1,2,"Resident one-shot (trigger)"
"2026-03-27 10:46:53","NewLevel","death",3.03,1,3,"Resident one-shot (trigger)"
"2026-03-27 11:02:37","NewLevel","death",3.82,1,1,"Resident one-shot (trigger)"
"2026-03-27 11:02:50","NewLevel","death",6.77,1,2,"Resident one-shot (trigger)"
"2026-03-27 11:11:06","NewLevel","death",2.73,1,1,"Resident one-shot (trigger)"
"2026-03-27 13:10:12","NewLevel","death",4.98,1,1,"Resident one-shot (trigger)"
"2026-03-27 13:22:54","NewLevel","death",10.15,1,1,"Resident one-shot (trigger)"
"2026-03-27 13:27:41","NewLevel","death",7.67,1,1,"Resident one-shot (trigger)"
"2026-03-27 13:32:06","NewLevel","death",28.12,1,1,"Resident one-shot (trigger)"
"2026-03-27 13:32:15","NewLevel","death",7.27,1,2,"Resident one-shot (trigger)"
"2026-03-27 14:24:10","NewLevel","death",6.17,1,1,"Resident one-shot"
"2026-03-27 14:24:39","NewLevel","death",26.30,1,2,"Resident one-shot (trigger)"
"2026-03-27 14:29:08","NewLevel","death",9.24,1,1,"Resident one-shot (trigger)"
"2026-03-27 14:57:42","NewLevel","death",6.68,1,1,"Resident one-shot (trigger)"
"2026-03-27 15:00:58","NewLevel","death",8.59,1,1,"Resident one-shot (trigger)"
"2026-03-27 15:18:13","NewLevel","death",91.80,1,1,"Resident one-shot (trigger)"
"2026-03-27 15:18:21","NewLevel","death",5.14,1,2,"Resident one-shot (trigger)"
"2026-03-27 15:25:14","NewLevel","death",7.27,1,1,"Resident one-shot (trigger)"
"2026-03-27 15:25:36","NewLevel","death",19.02,1,2,"Resident one-shot (trigger)"
"2026-03-27 15:28:54","NewLevel","death",15.78,1,1,"Resident one-shot (trigger)"
"2026-03-27 15:29:23","NewLevel","death",26.14,1,2,"Resident one-shot (trigger)"
"2026-03-27 15:45:31","NewLevel","death",5.51,1,1,"Resident one-shot"
"2026-03-27 15:45:38","NewLevel","death",5.06,1,2,"Resident one-shot"
"2026-03-27 15:45:46","NewLevel","death",5.96,1,3,"Resident one-shot"
"2026-03-27 15:49:09","NewLevel","death",11.80,1,1,"Resident one-shot"
"2026-03-27 15:56:54","NewLevel","death",5.38,1,1,"Resident one-shot"
"2026-03-27 15:57:04","NewLevel","death",8.26,1,2,"Resident one-shot (trigger)"
"2026-03-27 15:57:17","NewLevel","death",10.22,1,3,"Resident one-shot"
"2026-03-27 16:01:33","NewLevel","death",5.57,1,1,"Resident one-shot (trigger)"
"2026-03-27 16:01:44","NewLevel","death",6.24,1,2,"Resident one-shot"
"2026-03-27 16:07:04","NewLevel","death",6.59,1,1,"Resident one-shot"
"2026-03-27 16:07:23","NewLevel","death",16.84,1,2,"Resident one-shot (trigger)"
"2026-03-27 16:15:46","NewLevel","death",16.17,1,1,"Resident one-shot"
"2026-03-27 16:24:27","NewLevel","death",66.96,1,1,"Resident one-shot"
"2026-03-27 16:25:29","NewLevel","death",6.22,1,1,"Resident one-shot"
"2026-03-27 16:25:42","NewLevel","death",10.75,1,2,"Resident one-shot (trigger)"
"2026-03-27 16:53:05","NewLevel","death",14.16,1,1,"Resident one-shot (trigger)"
"2026-03-27 16:53:16","NewLevel","death",9.27,1,2,"Resident one-shot"
"2026-03-27 16:53:28","NewLevel","death",6.33,1,3,"Resident one-shot"
"2026-03-28 01:12:17","NewLevel","run_started",0.00,0,0,"start_screen_dismissed"
"2026-03-28 01:23:26","NewLevel","run_started",0.00,0,0,"start_screen_dismissed"
"2026-03-28 01:23:33","NewLevel","death",7.75,1,1,"Resident one-shot"
"2026-03-28 01:23:37","NewLevel","run_started",0.00,0,1,"start_screen_dismissed"
"2026-03-28 01:23:51","NewLevel","death",14.60,1,2,"Resident one-shot (trigger)"
"2026-03-28 16:08:32","NewLevel","run_started",0.00,0,0,"start_screen_dismissed"
"2026-03-28 16:41:12","NewLevel","run_started",0.00,0,0,"start_screen_dismissed"
"2026-03-28 16:41:52","NewLevel","death",39.89,1,1,"Resident one-shot"
"2026-03-28 16:41:54","NewLevel","run_started",0.00,0,1,"start_screen_dismissed"
"2026-03-29 11:44:17","NewLevel_Paras","run_started",0.00,0,0,"start_screen_dismissed"
"2026-03-29 11:44:26","NewLevel_Paras","death",8.64,1,1,"Resident one-shot (trigger)"
"2026-03-29 11:44:30","NewLevel_Paras","run_started",0.00,0,1,"start_screen_dismissed"
"2026-03-29 11:44:38","NewLevel_Paras","death",8.41,1,2,"Resident one-shot (trigger)"
"2026-03-29 11:44:41","NewLevel_Paras","run_started",0.00,0,2,"start_screen_dismissed"
"2026-03-29 11:44:54","NewLevel_Paras","death",13.31,1,3,"Resident one-shot (trigger)"
"2026-03-29 11:44:57","NewLevel_Paras","run_started",0.00,0,3,"start_screen_dismissed"
"2026-03-30 11:14:11","NewLevel_Paras","run_started",0.00,0,0,"start_screen_dismissed"
"2026-03-30 11:14:50","NewLevel_Paras","death",39.43,1,1,"Resident one-shot (trigger)"
"2026-03-30 11:14:53","NewLevel_Paras","run_started",0.00,0,1,"start_screen_dismissed"
"2026-03-30 11:26:34","NewLevel_Paras","run_started",0.00,0,0,"start_screen_dismissed"
"2026-03-30 11:30:52","NewLevel_Paras","run_started",0.00,0,0,"start_screen_dismissed"
"2026-03-30 11:30:56","NewLevel_Paras","death",3.93,1,1,"Resident one-shot"
"2026-03-30 11:30:59","NewLevel_Paras","run_started",0.00,0,1,"start_screen_dismissed"
"2026-03-30 11:31:05","NewLevel_Paras","death",6.71,1,2,"Resident one-shot"
"2026-03-30 11:31:43","NewLevel_Paras","run_started",0.00,0,0,"start_screen_dismissed"
"2026-03-30 11:31:47","NewLevel_Paras","death",4.61,1,1,"Resident one-shot (trigger)"
"2026-03-30 11:31:59","NewLevel_Paras","run_started",0.00,0,0,"start_screen_dismissed"
"2026-03-30 11:32:05","NewLevel_Paras","death",6.78,1,1,"Resident one-shot"
"2026-03-30 11:32:25","NewLevel_Paras","run_started",0.00,0,0,"start_screen_dismissed"
"2026-03-30 11:32:31","NewLevel_Paras","death",6.79,1,1,"Resident one-shot"
"2026-03-30 11:34:53","NewLevel_Paras","run_started",0.00,0,0,"start_screen_dismissed"
"2026-03-30 11:35:02","NewLevel_Paras","death",9.35,1,1,"Resident one-shot (trigger)"
"2026-03-30 11:50:24","NewLevel_Paras","run_started",0.00,0,0,"start_screen_dismissed"
"2026-03-30 11:50:34","NewLevel_Paras","death",10.54,1,1,"Resident one-shot (trigger)"
"2026-03-30 11:50:39","NewLevel_Paras","run_started",0.00,0,1,"start_screen_dismissed"
"2026-03-30 11:50:45","NewLevel_Paras","death",6.40,1,2,"Resident one-shot"
"2026-03-30 11:50:47","NewLevel_Paras","run_started",0.00,0,2,"start_screen_dismissed"
"2026-03-30 11:50:57","NewLevel_Paras","death",10.10,1,3,"Resident one-shot"
"2026-03-30 11:51:00","NewLevel_Paras","run_started",0.00,0,3,"start_screen_dismissed"
"2026-03-30 11:51:10","NewLevel_Paras","death",10.35,1,4,"Resident one-shot (trigger)"
"2026-03-30 11:51:13","NewLevel_Paras","run_started",0.00,0,4,"start_screen_dismissed"
"2026-03-30 11:51:20","NewLevel_Paras","death",6.57,1,5,"Resident one-shot (trigger)"
"2026-03-30 11:51:22","NewLevel_Paras","run_started",0.00,0,5,"start_screen_dismissed"
"2026-03-30 11:51:38","NewLevel_Paras","death",16.45,1,6,"Resident one-shot"
"2026-03-30 11:51:41","NewLevel_Paras","run_started",0.00,0,6,"start_screen_dismissed"
"2026-03-30 11:51:47","NewLevel_Paras","death",6.21,1,7,"Resident one-shot (trigger)"
"2026-03-30 11:51:49","NewLevel_Paras","run_started",0.00,0,7,"start_screen_dismissed"
"2026-03-30 11:51:53","NewLevel_Paras","death",4.04,1,8,"Resident one-shot (trigger)"
"2026-03-30 11:51:55","NewLevel_Paras","run_started",0.00,0,8,"start_screen_dismissed"
"2026-03-30 11:52:07","NewLevel_Paras","death",11.80,1,9,"Resident one-shot (trigger)"
"2026-03-30 11:52:09","NewLevel_Paras","run_started",0.00,0,9,"start_screen_dismissed"
"2026-03-28 22:23:19","NewLevel","run_started",0.00,0,0,"start_screen_dismissed"
"2026-03-28 22:23:42","NewLevel","death",22.77,1,1,"Resident one-shot (trigger)"
"2026-03-28 22:23:47","NewLevel","run_started",0.00,0,1,"start_screen_dismissed"
"2026-03-28 22:25:10","NewLevel","death",12.68,1,2,"Resident one-shot (trigger)"
"2026-03-28 22:25:13","NewLevel","run_started",0.00,0,2,"start_screen_dismissed"
"2026-03-28 22:36:50","NewLevel","death",10.46,1,3,"Resident one-shot (trigger)"
"2026-03-28 22:42:57","NewLevel","run_started",0.00,0,0,"start_screen_dismissed"
"2026-03-29 10:59:42","NewLevel","run_started",0.00,0,0,"start_screen_dismissed"
"2026-03-29 11:02:33","NewLevel","run_started",0.00,0,0,"start_screen_dismissed"
"2026-03-29 11:02:43","NewLevel","death",10.30,1,1,"Resident one-shot (trigger)"
"2026-03-29 11:03:13","NewLevel","run_started",0.00,0,0,"start_screen_dismissed"
"2026-03-29 11:06:33","NewLevel","death",8.09,1,1,"Resident one-shot (trigger)"
"2026-03-29 11:06:39","NewLevel","run_started",0.00,0,0,"start_screen_dismissed"
"2026-03-29 11:07:23","NewLevel","run_started",0.00,0,0,"start_screen_dismissed"
"2026-03-29 11:16:49","NewLevel","run_started",0.00,0,0,"start_screen_dismissed"
"2026-03-29 11:29:30","NewLevel","run_started",0.00,0,0,"start_screen_dismissed"
"2026-03-29 11:29:50","NewLevel","death",19.80,1,1,"Resident one-shot (trigger)"
"2026-03-29 11:30:07","NewLevel","run_started",0.00,0,1,"start_screen_dismissed"
"2026-03-29 12:43:40","NewLevel","run_started",0.00,0,0,"start_screen_dismissed"
"2026-03-29 12:50:55","NewLevel","run_started",0.00,0,0,"start_screen_dismissed"
"2026-03-29 12:50:59","NewLevel","death",4.07,1,1,"Resident one-shot (trigger)"
"2026-03-29 12:51:01","NewLevel","run_started",0.00,0,1,"start_screen_dismissed"
"2026-03-29 12:51:36","NewLevel","death",35.11,1,2,"Resident one-shot"
"2026-03-29 12:51:41","NewLevel","run_started",0.00,0,2,"start_screen_dismissed"
"2026-03-29 13:13:08","NewLevel","run_started",0.00,0,0,"start_screen_dismissed"
"2026-03-29 13:13:23","NewLevel","death",15.80,1,1,"Resident one-shot (trigger)"
"2026-03-29 13:13:25","NewLevel","run_started",0.00,0,1,"start_screen_dismissed"
"2026-03-29 13:21:44","NewLevel","run_started",0.00,0,0,"start_screen_dismissed"
"2026-03-29 13:29:26","NewLevel","run_started",0.00,0,0,"start_screen_dismissed"
"2026-03-29 13:35:27","NewLevel","run_started",0.00,0,0,"start_screen_dismissed"
"2026-03-29 13:35:33","NewLevel","death",6.54,1,1,"Resident one-shot (trigger)"
"2026-03-29 13:35:36","NewLevel","run_started",0.00,0,1,"start_screen_dismissed"
"2026-03-29 13:35:49","NewLevel","death",13.28,1,2,"Resident one-shot (trigger)"
"2026-03-29 13:35:52","NewLevel","run_started",0.00,0,2,"start_screen_dismissed"
"2026-03-29 13:35:58","NewLevel","death",6.48,1,3,"Resident one-shot (trigger)"
"2026-03-29 13:36:01","NewLevel","run_started",0.00,0,3,"start_screen_dismissed"
"2026-03-29 13:36:08","NewLevel","death",7.38,1,4,"Resident one-shot (trigger)"
"2026-03-29 13:36:11","NewLevel","run_started",0.00,0,4,"start_screen_dismissed"
"2026-03-29 13:36:31","NewLevel","death",20.02,1,5,"Resident one-shot (trigger)"
"2026-03-29 13:40:27","NewLevel","run_started",0.00,0,0,"start_screen_dismissed"
"2026-03-29 13:40:33","NewLevel","death",6.72,1,1,"Resident one-shot (trigger)"
"2026-03-29 13:40:36","NewLevel","run_started",0.00,0,1,"start_screen_dismissed"
"2026-03-29 13:40:49","NewLevel","death",13.27,1,2,"Resident one-shot (trigger)"
"2026-03-29 13:44:54","NewLevel","run_started",0.00,0,0,"start_screen_dismissed"
"2026-03-29 13:45:07","NewLevel","death",13.76,1,1,"Resident one-shot (trigger)"
"2026-03-29 13:45:09","NewLevel","run_started",0.00,0,1,"start_screen_dismissed"
"2026-03-29 13:45:16","NewLevel","death",6.70,1,2,"Resident one-shot (trigger)"
"2026-03-29 14:11:38","NewLevel","run_started",0.00,0,0,"start_screen_dismissed"
"2026-03-29 14:11:58","NewLevel","death",19.76,1,1,"Resident one-shot (trigger)"
"2026-03-29 14:12:01","NewLevel","run_started",0.00,0,1,"start_screen_dismissed"
"2026-03-29 14:12:04","NewLevel","death",3.58,1,2,"Resident one-shot"
"2026-03-29 14:12:06","NewLevel","run_started",0.00,0,2,"start_screen_dismissed"
"2026-03-29 14:12:23","NewLevel","death",17.22,1,3,"Resident one-shot"
"2026-03-29 14:12:25","NewLevel","run_started",0.00,0,3,"start_screen_dismissed"
"2026-03-29 14:12:37","NewLevel","death",11.22,1,4,"Resident one-shot (trigger)"
"2026-03-29 14:18:11","NewLevel","run_started",0.00,0,0,"start_screen_dismissed"
"2026-03-29 14:18:18","NewLevel","death",7.05,1,1,"Resident one-shot (trigger)"
"2026-03-29 14:18:20","NewLevel","run_started",0.00,0,1,"start_screen_dismissed"
"2026-03-29 14:18:27","NewLevel","death",7.05,1,2,"Resident one-shot (trigger)"
"2026-03-29 14:27:59","NewLevel","run_started",0.00,0,0,"start_screen_dismissed"
"2026-03-29 14:28:06","NewLevel","death",7.06,1,1,"Resident one-shot (trigger)"
"2026-03-29 14:44:32","NewLevel","run_started",0.00,0,0,"start_screen_dismissed"
"2026-03-29 15:05:11","NewLevel","run_started",0.00,0,0,"start_screen_dismissed"
"2026-03-29 15:08:01","NewLevel","run_started",0.00,0,0,"start_screen_dismissed"
"2026-03-29 15:14:56","NewLevel","run_started",0.00,0,0,"start_screen_dismissed"
"2026-03-29 15:18:02","NewLevel","run_started",0.00,0,0,"start_screen_dismissed"
"2026-03-29 16:32:29","NewLevel","run_started",0.00,0,0,"start_screen_dismissed"
"2026-03-29 16:44:45","NewLevel","run_started",0.00,0,0,"start_screen_dismissed"
"2026-03-29 16:53:07","NewLevel","run_started",0.00,0,0,"start_screen_dismissed"
"2026-03-29 17:16:52","NewLevel","run_started",0.00,0,0,"start_screen_dismissed"
"2026-03-30 11:54:23","NewLevel","run_started",0.00,0,0,"start_screen_dismissed"
"2026-03-30 12:12:26","NewLevel","run_started",0.00,0,0,"start_screen_dismissed"
"2026-03-30 13:27:52","NewLevel","run_started",0.00,0,0,"start_screen_dismissed"
"2026-03-30 15:00:54","NewLevel","run_started",0.00,0,0,"start_screen_dismissed"
"2026-03-30 15:04:45","NewLevel","run_started",0.00,0,0,"start_screen_dismissed"
"2026-03-30 15:05:12","NewLevel","death",27.37,1,1,"Resident one-shot"
"2026-03-30 15:05:14","NewLevel","run_started",0.00,0,1,"start_screen_dismissed"
"2026-03-30 15:07:20","NewLevel","run_started",0.00,0,0,"start_screen_dismissed"
"2026-03-30 15:07:38","NewLevel","death",17.54,1,1,"Resident one-shot"
"2026-03-30 15:08:02","NewLevel","run_started",0.00,0,0,"start_screen_dismissed"
"2026-03-30 15:14:29","NewLevel","run_started",0.00,0,0,"start_screen_dismissed"
"2026-03-30 15:20:24","NewLevel","run_started",0.00,0,0,"start_screen_dismissed"
"2026-03-30 15:20:28","NewLevel","death",4.37,1,1,"Resident one-shot"
"2026-03-30 15:20:31","NewLevel","run_started",0.00,0,1,"start_screen_dismissed"
"2026-03-30 15:20:38","NewLevel","death",6.57,1,2,"Resident one-shot"
"2026-03-30 15:20:41","NewLevel","run_started",0.00,0,2,"start_screen_dismissed"
"2026-03-30 15:20:47","NewLevel","death",6.16,1,3,"Resident one-shot"
"2026-03-30 15:20:50","NewLevel","run_started",0.00,0,3,"start_screen_dismissed"
"2026-03-30 15:20:54","NewLevel","death",3.91,1,4,"Resident one-shot"
"2026-03-30 15:20:56","NewLevel","run_started",0.00,0,4,"start_screen_dismissed"
"2026-03-30 15:21:01","NewLevel","death",5.48,1,5,"Resident one-shot"
"2026-03-30 15:21:04","NewLevel","run_started",0.00,0,5,"start_screen_dismissed"
"2026-03-30 15:21:10","NewLevel","death",6.66,1,6,"Resident one-shot"
"2026-03-30 15:21:15","NewLevel","run_started",0.00,0,6,"start_screen_dismissed"
"2026-03-30 15:27:28","NewLevel_Paras","run_started",0.00,0,0,"start_screen_dismissed"
"2026-03-30 15:27:32","NewLevel_Paras","death",4.72,1,1,"Resident one-shot"
"2026-03-30 15:27:34","NewLevel_Paras","run_started",0.00,0,1,"start_screen_dismissed"
"2026-03-30 15:28:06","NewLevel_Paras","death",31.52,1,2,"Resident one-shot (trigger)"
"2026-03-30 15:28:08","NewLevel_Paras","run_started",0.00,0,2,"start_screen_dismissed"
"2026-03-30 15:28:12","NewLevel_Paras","death",3.63,1,3,"Resident one-shot"
"2026-03-30 15:28:14","NewLevel_Paras","run_started",0.00,0,3,"start_screen_dismissed"
"2026-03-30 15:28:44","NewLevel_Paras","death",30.57,1,4,"Resident one-shot"
"2026-03-30 15:28:49","NewLevel_Paras","run_started",0.00,0,4,"start_screen_dismissed"
"2026-03-30 15:28:55","NewLevel_Paras","death",6.01,1,5,"Resident one-shot"
"2026-03-30 15:29:39","NewLevel","run_started",0.00,0,0,"start_screen_dismissed"
"2026-03-30 15:32:20","NewLevel","run_started",0.00,0,0,"start_screen_dismissed"
"2026-03-30 15:37:00","NewLevel","run_started",0.00,0,0,"start_screen_dismissed"
"2026-03-30 15:40:37","NewLevel","run_started",0.00,0,0,"start_screen_dismissed"
"2026-03-30 15:40:52","NewLevel","death",14.11,1,1,"Resident one-shot"
"2026-03-30 15:41:03","NewLevel","run_started",0.00,0,0,"start_screen_dismissed"
"2026-03-30 15:41:32","NewLevel","death",28.71,1,1,"Resident one-shot"
"2026-03-30 15:41:34","NewLevel","run_started",0.00,0,1,"start_screen_dismissed"
"2026-03-30 15:41:59","NewLevel","death",25.79,1,2,"Resident one-shot"
"2026-03-30 15:47:28","NewLevel","run_started",0.00,0,0,"start_screen_dismissed"
"2026-03-30 15:52:27","NewLevel","run_started",0.00,0,0,"start_screen_dismissed"
"2026-03-30 16:03:47","NewLevel","run_started",0.00,0,0,"start_screen_dismissed"
"2026-03-30 16:09:18","NewLevel","run_started",0.00,0,0,"start_screen_dismissed"
"2026-03-30 16:09:54","NewLevel","death",34.40,1,1,"Resident one-shot"
"2026-03-30 16:09:57","NewLevel","run_started",0.00,0,1,"start_screen_dismissed"
"2026-03-30 16:11:15","NewLevel","death",78.05,1,2,"Resident one-shot"
"2026-03-30 16:12:17","NewLevel Copy","run_started",0.00,0,0,"start_screen_dismissed"
"2026-03-30 16:12:27","NewLevel Copy","death",9.27,1,1,"Resident one-shot"
"2026-03-30 16:12:29","NewLevel Copy","run_started",0.00,0,1,"start_screen_dismissed"
"2026-03-30 16:12:34","NewLevel Copy","death",5.80,1,2,"Resident one-shot"
"2026-03-30 16:12:37","NewLevel Copy","run_started",0.00,0,2,"start_screen_dismissed"
"2026-03-30 16:15:17","NewLevel","run_started",0.00,0,0,"start_screen_dismissed"
"2026-03-30 16:15:39","NewLevel","death",22.52,1,1,"Resident one-shot"
"2026-03-30 16:15:42","NewLevel","run_started",0.00,0,1,"start_screen_dismissed"
"2026-03-30 16:15:53","NewLevel","death",11.42,1,2,"Resident one-shot"
"2026-03-30 16:15:57","NewLevel","run_started",0.00,0,2,"start_screen_dismissed"
"2026-03-30 16:17:21","NewLevel","death",83.88,1,3,"Resident one-shot"
"2026-03-30 16:21:42","NewLevel","run_started",0.00,0,0,"start_screen_dismissed"
"2026-03-30 16:21:49","NewLevel","death",6.70,1,1,"Resident one-shot"
"2026-03-30 16:21:51","NewLevel","run_started",0.00,0,1,"start_screen_dismissed"
"2026-03-30 16:33:14","NewLevel","run_started",0.00,0,0,"start_screen_dismissed"
"2026-03-30 16:39:47","NewLevel","run_started",0.00,0,0,"start_screen_dismissed"
"2026-03-30 16:52:40","NewLevel","run_started",0.00,0,0,"start_screen_dismissed"
"2026-03-30 16:52:59","NewLevel","death",19.49,1,1,"Resident one-shot"
"2026-03-30 16:53:01","NewLevel","run_started",0.00,0,1,"start_screen_dismissed"
"2026-03-30 16:56:08","NewLevel","run_started",0.00,0,0,"start_screen_dismissed"
"2026-03-30 16:56:27","NewLevel","death",19.78,1,1,"Resident one-shot"
"2026-03-30 16:56:29","NewLevel","run_started",0.00,0,1,"start_screen_dismissed"
"2026-03-30 16:56:59","NewLevel","run_started",0.00,0,0,"start_screen_dismissed"
"2026-03-30 16:57:04","NewLevel","death",4.66,1,1,"Resident one-shot"
"2026-03-30 16:57:06","NewLevel","run_started",0.00,0,1,"start_screen_dismissed"
"2026-03-30 16:58:08","NewLevel","death",60.91,1,2,"Resident one-shot"
"2026-03-30 22:46:38","NewLevel_Paras","run_started",0.00,0,0,"start_screen_dismissed"
"2026-03-30 22:46:48","NewLevel_Paras","death",9.71,1,1,"Resident one-shot"
"2026-03-30 22:46:52","NewLevel_Paras","run_started",0.00,0,1,"start_screen_dismissed"
"2026-03-30 22:47:07","NewLevel_Paras","death",15.30,1,2,"Resident one-shot"
"2026-03-30 22:47:11","NewLevel_Paras","run_started",0.00,0,2,"start_screen_dismissed"
"2026-03-30 22:47:44","NewLevel_Paras","death",32.73,1,3,"Resident one-shot"
"2026-03-30 22:47:47","NewLevel_Paras","run_started",0.00,0,3,"start_screen_dismissed"
"2026-03-30 22:48:36","NewLevel_Paras","death",49.10,1,4,"Resident one-shot"
"2026-03-31 02:05:27","NewLevel","run_started",0.00,0,0,"start_screen_dismissed"
"2026-03-31 02:10:06","NewLevel","run_started",0.00,0,0,"start_screen_dismissed"
"2026-03-31 02:10:21","NewLevel","death",14.50,1,1,"Resident one-shot"
"2026-03-31 02:10:24","NewLevel","run_started",0.00,0,1,"start_screen_dismissed"
"2026-03-31 02:17:38","NewLevel","run_started",0.00,0,0,"start_screen_dismissed"
"2026-03-31 02:18:28","NewLevel","run_started",0.00,0,0,"start_screen_dismissed"
"2026-03-31 02:19:24","NewLevel","run_started",0.00,0,0,"start_screen_dismissed"
"2026-03-31 02:19:28","NewLevel","death",3.88,1,1,"Resident one-shot (trigger)"
"2026-03-31 02:19:30","NewLevel","run_started",0.00,0,1,"start_screen_dismissed"
"2026-03-31 02:22:39","NewLevel","run_started",0.00,0,0,"start_screen_dismissed"
"2026-03-31 02:23:05","NewLevel","run_started",0.00,0,0,"start_screen_dismissed"
"2026-03-31 02:23:48","NewLevel","run_started",0.00,0,0,"start_screen_dismissed"
"2026-03-31 02:28:43","NewLevel","run_started",0.00,0,0,"start_screen_dismissed"
"2026-03-31 02:35:08","NewLevel","run_started",0.00,0,0,"start_screen_dismissed"
"2026-03-31 02:35:38","NewLevel","run_started",0.00,0,0,"start_screen_dismissed"
"2026-03-31 02:41:03","NewLevel","run_started",0.00,0,0,"start_screen_dismissed"
"2026-03-31 02:43:05","NewLevel","run_started",0.00,0,0,"start_screen_dismissed"
"2026-03-31 02:43:44","NewLevel","run_started",0.00,0,0,"start_screen_dismissed"
"2026-03-31 02:44:49","NewLevel","run_started",0.00,0,0,"start_screen_dismissed"
"2026-03-31 02:45:52","NewLevel","run_started",0.00,0,0,"start_screen_dismissed"
"2026-03-31 02:46:30","NewLevel","run_started",0.00,0,0,"start_screen_dismissed"
"2026-03-31 02:47:53","NewLevel","run_started",0.00,0,0,"start_screen_dismissed"
"2026-03-31 02:48:07","NewLevel","run_started",0.00,0,0,"start_screen_dismissed"
"2026-03-31 02:48:35","NewLevel","run_started",0.00,0,0,"start_screen_dismissed"
"2026-03-31 02:49:17","NewLevel","run_started",0.00,0,0,"start_screen_dismissed"
"2026-03-31 02:49:39","NewLevel","run_started",0.00,0,0,"start_screen_dismissed"
"2026-03-31 02:51:31","NewLevel","run_started",0.00,0,0,"start_screen_dismissed"
"2026-03-31 02:52:29","NewLevel","run_started",0.00,0,0,"start_screen_dismissed"
"2026-03-31 02:55:00","NewLevel","run_started",0.00,0,0,"start_screen_dismissed"
"2026-03-31 02:57:06","NewLevel","run_started",0.00,0,0,"start_screen_dismissed"
"2026-03-31 02:59:18","NewLevel","run_started",0.00,0,0,"start_screen_dismissed"
"2026-03-31 03:00:05","NewLevel","run_started",0.00,0,0,"start_screen_dismissed"
"2026-03-31 03:00:45","NewLevel","run_started",0.00,0,0,"start_screen_dismissed"
"2026-03-31 03:01:22","NewLevel","run_started",0.00,0,0,"start_screen_dismissed"
"2026-03-31 03:04:33","NewLevel","run_started",0.00,0,0,"start_screen_dismissed"
"2026-03-31 03:11:48","NewLevel","run_started",0.00,0,0,"start_screen_dismissed"
"2026-03-31 03:13:38","NewLevel","run_started",0.00,0,0,"start_screen_dismissed"
"2026-03-31 03:14:06","NewLevel","run_started",0.00,0,0,"start_screen_dismissed"
"2026-03-31 03:14:51","NewLevel","run_started",0.00,0,0,"start_screen_dismissed"
"2026-03-31 03:15:17","NewLevel","run_started",0.00,0,0,"start_screen_dismissed"
"2026-03-31 03:15:53","NewLevel","run_started",0.00,0,0,"start_screen_dismissed"
"2026-03-31 03:16:12","NewLevel","run_started",0.00,0,0,"start_screen_dismissed"
"2026-03-31 03:16:43","NewLevel","run_started",0.00,0,0,"start_screen_dismissed"
"2026-03-31 03:17:25","NewLevel","run_started",0.00,0,0,"start_screen_dismissed"
"2026-03-31 03:18:11","NewLevel","death",46.24,1,1,"Resident one-shot"
"2026-03-31 03:18:13","NewLevel","run_started",0.00,0,1,"start_screen_dismissed"
"2026-03-31 10:55:33","NewLevel","run_started",0.00,0,0,"start_screen_dismissed"
"2026-03-31 10:57:48","NewLevel","run_started",0.00,0,0,"start_screen_dismissed"
"2026-03-31 10:58:00","NewLevel","death",11.74,1,1,"Resident one-shot"
"2026-03-31 10:58:02","NewLevel","run_started",0.00,0,1,"start_screen_dismissed"
"2026-03-31 11:00:28","NewLevel","run_started",0.00,0,0,"start_screen_dismissed"
"2026-03-31 11:00:32","NewLevel","death",4.45,1,1,"Resident one-shot"
"2026-03-31 11:00:34","NewLevel","run_started",0.00,0,1,"start_screen_dismissed"
"2026-03-31 11:01:33","NewLevel","run_started",0.00,0,0,"start_screen_dismissed"
"2026-03-31 11:01:37","NewLevel","death",4.29,1,1,"Resident one-shot"
"2026-03-31 11:01:39","NewLevel","run_started",0.00,0,1,"start_screen_dismissed"
"2026-03-31 11:02:33","NewLevel","run_started",0.00,0,0,"start_screen_dismissed"
"2026-03-31 11:03:46","NewLevel","run_started",0.00,0,0,"start_screen_dismissed"
"2026-03-31 11:04:04","NewLevel","death",18.31,1,1,"Resident one-shot"
"2026-03-31 11:04:26","NewLevel","run_started",0.00,0,0,"start_screen_dismissed"
"2026-03-31 11:06:35","NewLevel","run_started",0.00,0,0,"start_screen_dismissed"
"2026-03-31 11:07:43","NewLevel","run_started",0.00,0,0,"start_screen_dismissed"
"2026-03-31 11:08:03","NewLevel","death",19.31,1,1,"Resident one-shot"
"2026-03-31 11:08:04","NewLevel","run_started",0.00,0,1,"start_screen_dismissed"
"2026-03-31 11:09:40","NewLevel","run_started",0.00,0,0,"start_screen_dismissed"
"2026-03-31 11:10:58","NewLevel","run_started",0.00,0,0,"start_screen_dismissed"
"2026-03-31 11:11:29","NewLevel","run_started",0.00,0,0,"start_screen_dismissed"
"2026-03-31 11:13:04","NewLevel","run_started",0.00,0,0,"start_screen_dismissed"
"2026-03-31 11:15:31","NewLevel","run_started",0.00,0,0,"start_screen_dismissed"
"2026-03-31 11:15:45","NewLevel","death",13.76,1,1,"Resident one-shot"
"2026-03-31 11:15:47","NewLevel","run_started",0.00,0,1,"start_screen_dismissed"
"2026-03-31 11:17:45","NewLevel","run_started",0.00,0,0,"start_screen_dismissed"
"2026-03-31 11:18:03","NewLevel","death",18.30,1,1,"Resident one-shot"
"2026-03-31 11:24:35","NewLevel","run_started",0.00,0,0,"start_screen_dismissed"
"2026-03-31 11:24:41","NewLevel","death",5.98,1,1,"Resident one-shot"
"2026-03-31 11:24:43","NewLevel","run_started",0.00,0,1,"start_screen_dismissed"
"2026-03-31 11:31:10","NewLevel","run_started",0.00,0,0,"start_screen_dismissed"
"2026-03-31 11:31:20","NewLevel","death",9.87,1,1,"Resident one-shot"
"2026-03-31 11:31:22","NewLevel","run_started",0.00,0,1,"start_screen_dismissed"
"2026-03-31 11:31:30","NewLevel","death",7.85,1,2,"Resident one-shot (trigger)"
"2026-03-31 11:33:50","NewLevel","run_started",0.00,0,0,"start_screen_dismissed"
"2026-03-31 11:34:12","NewLevel","death",22.68,1,1,"Resident one-shot"
"2026-03-31 11:46:07","NewLevel","run_started",0.00,0,0,"start_screen_dismissed"
"2026-03-31 11:46:16","NewLevel","death",8.73,1,1,"Resident one-shot"
"2026-03-31 11:46:19","NewLevel","run_started",0.00,0,1,"start_screen_dismissed"
"2026-03-31 11:46:58","NewLevel","death",38.99,1,2,"Resident one-shot"
"2026-03-31 11:47:02","NewLevel","run_started",0.00,0,2,"start_screen_dismissed"
"2026-03-31 12:18:21","NewLevel","run_started",0.00,0,0,"start_screen_dismissed"
"2026-03-31 12:21:51","NewLevel","run_started",0.00,0,0,"start_screen_dismissed"
"2026-03-31 12:22:15","NewLevel","death",24.67,1,1,"Resident one-shot"
"2026-03-31 12:22:18","NewLevel","run_started",0.00,0,1,"start_screen_dismissed"
"2026-03-31 12:29:31","NewLevel","run_started",0.00,0,0,"start_screen_dismissed"
"2026-03-31 12:34:39","NewLevel","run_started",0.00,0,0,"start_screen_dismissed"
"2026-03-31 12:36:14","NewLevel","run_started",0.00,0,0,"start_screen_dismissed"
"2026-03-31 12:37:00","NewLevel","run_started",0.00,0,0,"start_screen_dismissed"
"2026-03-31 12:37:59","NewLevel","run_started",0.00,0,0,"start_screen_dismissed"
"2026-03-31 12:38:18","NewLevel","death",18.20,1,1,"Resident one-shot"
"2026-03-31 12:38:19","NewLevel","run_started",0.00,0,1,"start_screen_dismissed"
"2026-03-31 12:38:45","NewLevel","death",25.42,1,2,"Resident one-shot"
"2026-03-31 12:38:46","NewLevel","run_started",0.00,0,2,"start_screen_dismissed"
"2026-03-31 12:38:50","NewLevel","death",4.43,1,3,"Resident one-shot"
"2026-03-31 12:38:51","NewLevel","run_started",0.00,0,3,"start_screen_dismissed"
"2026-03-31 12:38:59","NewLevel","death",7.85,1,4,"Resident one-shot"
"2026-03-31 12:39:00","NewLevel","run_started",0.00,0,4,"start_screen_dismissed"
"2026-03-31 12:40:50","NewLevel","death",109.27,1,5,"Resident one-shot (trigger)"
"2026-03-31 12:41:08","NewLevel","run_started",0.00,0,0,"start_screen_dismissed"
"2026-03-31 12:42:02","NewLevel","escape",54.47,0,0,"main_door_unlocked"
"2026-04-05 19:19:46","NewLevel","run_started",0.00,0,0,"start_screen_dismissed"
"2026-04-05 19:19:53","NewLevel","death",6.92,1,1,"Resident one-shot"
"2026-04-05 19:19:55","NewLevel","run_started",0.00,0,1,"start_screen_dismissed"
"2026-04-05 19:58:54","NewLevel","run_started",0.00,0,0,"start_screen_dismissed"
"2026-04-05 19:59:05","NewLevel","death",11.57,1,1,"Resident one-shot"
"2026-04-05 19:59:08","NewLevel","run_started",0.00,0,1,"start_screen_dismissed"
"2026-04-05 19:59:18","NewLevel","death",8.49,1,2,"Resident one-shot"
"2026-04-05 19:59:23","NewLevel","run_started",0.00,0,2,"start_screen_dismissed"
"2026-04-05 20:12:29","NewLevel","run_started",0.00,0,0,"start_screen_dismissed"
"2026-04-05 20:12:36","NewLevel","death",6.31,1,1,"Resident one-shot"
"2026-04-05 20:15:59","NewLevel","run_started",0.00,0,0,"start_screen_dismissed"
"2026-04-05 20:16:13","NewLevel","death",14.20,1,1,"Resident one-shot"
"2026-04-05 20:16:16","NewLevel","run_started",0.00,0,1,"start_screen_dismissed"
"2026-04-05 20:16:55","NewLevel","death",17.74,1,2,"Resident one-shot"
"2026-04-05 20:19:01","NewLevel","run_started",0.00,0,0,"start_screen_dismissed"
"2026-04-05 20:19:06","NewLevel","death",4.69,1,1,"Resident one-shot"
"2026-04-05 20:19:09","NewLevel","run_started",0.00,0,1,"start_screen_dismissed"
"2026-04-05 20:19:27","NewLevel","death",18.12,1,2,"Resident one-shot"
"2026-04-05 20:19:30","NewLevel","run_started",0.00,0,2,"start_screen_dismissed"
"2026-04-05 20:19:42","NewLevel","death",11.34,1,3,"Resident one-shot"
"2026-04-05 20:19:44","NewLevel","run_started",0.00,0,3,"start_screen_dismissed"
"2026-04-05 20:19:48","NewLevel","death",4.00,1,4,"Resident one-shot"
"2026-04-05 20:19:50","NewLevel","run_started",0.00,0,4,"start_screen_dismissed"
"2026-04-05 20:19:54","NewLevel","death",3.88,1,5,"Resident one-shot"
"2026-04-05 20:19:56","NewLevel","run_started",0.00,0,5,"start_screen_dismissed"
"2026-04-05 20:20:33","NewLevel","death",37.60,1,6,"Resident one-shot"
"2026-04-05 20:21:08","NewLevel","run_started",0.00,0,0,"start_screen_dismissed"
"2026-04-05 20:48:12","NewLevel","run_started",0.00,0,0,"start_screen_dismissed"
"2026-04-05 20:51:14","NewLevel","run_started",0.00,0,0,"start_screen_dismissed"
"2026-04-05 20:51:35","NewLevel","death",21.17,1,1,"Resident one-shot"
"2026-04-05 20:54:06","NewLevel","run_started",0.00,0,0,"start_screen_dismissed"
"2026-04-05 20:55:42","NewLevel","run_started",0.00,0,0,"start_screen_dismissed"
"2026-04-05 20:56:14","NewLevel","death",29.88,1,1,"Resident one-shot"
"2026-04-05 21:09:09","NewLevel","run_started",0.00,0,0,"start_screen_dismissed"
"2026-04-05 21:15:01","NewLevel","run_started",0.00,0,0,"start_screen_dismissed"
"2026-04-05 21:15:07","NewLevel","death",6.19,1,1,"Resident one-shot"
"2026-04-05 21:20:56","NewLevel","run_started",0.00,0,0,"start_screen_dismissed"
"2026-04-05 21:21:10","NewLevel","death",13.51,1,1,"Resident one-shot"
"2026-04-05 21:21:17","NewLevel","run_started",0.00,0,0,"start_screen_dismissed"
"2026-04-05 21:21:30","NewLevel","death",12.98,1,1,"Resident one-shot"
"2026-04-05 21:31:48","NewLevel","run_started",0.00,0,0,"start_screen_dismissed"
"2026-04-05 21:31:52","NewLevel","death",4.21,1,1,"Resident one-shot"
"2026-04-05 21:31:55","NewLevel","run_started",0.00,0,1,"start_screen_dismissed"
"2026-04-05 21:32:08","NewLevel","death",12.25,1,2,"Resident one-shot"
"2026-04-05 21:33:23","NewLevel","run_started",0.00,0,0,"start_screen_dismissed"
"2026-04-05 21:33:26","NewLevel","death",3.47,1,1,"Resident one-shot"
"2026-04-05 21:33:29","NewLevel","run_started",0.00,0,1,"start_screen_dismissed"
"2026-04-05 21:33:38","NewLevel","death",9.12,1,2,"Resident one-shot"
"2026-04-05 21:33:40","NewLevel","run_started",0.00,0,2,"start_screen_dismissed"
"2026-04-05 21:34:04","NewLevel","death",23.38,1,3,"Resident one-shot"
"2026-04-05 21:37:10","NewLevel","run_started",0.00,0,0,"start_screen_dismissed"
"2026-04-05 21:37:14","NewLevel","death",3.44,1,1,"Resident one-shot"
"2026-04-05 21:37:16","NewLevel","run_started",0.00,0,1,"start_screen_dismissed"
"2026-04-05 21:37:41","NewLevel","death",24.28,1,2,"Resident one-shot (trigger)"
"2026-04-05 21:37:43","NewLevel","run_started",0.00,0,2,"start_screen_dismissed"
"2026-04-05 21:37:46","NewLevel","death",3.48,1,3,"Resident one-shot"
"2026-04-05 21:37:50","NewLevel","run_started",0.00,0,3,"start_screen_dismissed"
"2026-04-05 22:02:42","NewLevel","run_started",0.00,0,0,"start_screen_dismissed"
"2026-04-05 22:02:44","NewLevel","death",2.59,1,1,"Resident one-shot"
"2026-04-05 22:02:46","NewLevel","run_started",0.00,0,1,"start_screen_dismissed"
"2026-04-05 22:02:49","NewLevel","death",2.57,1,2,"Resident one-shot"
"2026-04-05 22:02:51","NewLevel","run_started",0.00,0,2,"start_screen_dismissed"
"2026-04-05 22:02:54","NewLevel","death",2.53,1,3,"Resident one-shot"
"2026-04-05 22:04:25","NewLevel","run_started",0.00,0,0,"start_screen_dismissed"
"2026-04-05 22:04:34","NewLevel","death",9.39,1,1,"Resident one-shot"
"2026-04-05 22:04:37","NewLevel","run_started",0.00,0,1,"start_screen_dismissed"
"2026-04-05 22:04:58","NewLevel","death",21.74,1,2,"Resident one-shot (trigger)"
"2026-04-05 22:05:56","NewLevel","run_started",0.00,0,0,"start_screen_dismissed"
"2026-04-05 22:06:00","NewLevel","death",3.28,1,1,"Resident one-shot"
"2026-04-05 22:06:03","NewLevel","run_started",0.00,0,1,"start_screen_dismissed"
"2026-04-05 22:06:13","NewLevel","death",10.84,1,2,"Resident one-shot"
"2026-04-05 22:06:17","NewLevel","run_started",0.00,0,2,"start_screen_dismissed"
"2026-04-05 22:10:56","NewLevel","run_started",0.00,0,0,"start_screen_dismissed"
"2026-04-05 22:11:00","NewLevel","death",3.70,1,1,"Resident one-shot"
"2026-04-05 22:11:01","NewLevel","run_started",0.00,0,1,"start_screen_dismissed"
"2026-04-05 22:11:27","NewLevel","death",25.33,1,2,"Resident one-shot"
"2026-04-05 22:20:11","NewLevel","run_started",0.00,0,0,"start_screen_dismissed"
"2026-04-05 22:20:14","NewLevel","death",3.13,1,1,"Resident one-shot"
"2026-04-05 22:20:16","NewLevel","run_started",0.00,0,1,"start_screen_dismissed"
"2026-04-05 22:20:27","NewLevel","death",10.41,1,2,"Resident one-shot (trigger)"
"2026-04-05 22:20:29","NewLevel","run_started",0.00,0,2,"start_screen_dismissed"
"2026-04-05 22:20:50","NewLevel","death",21.19,1,3,"Resident one-shot"
"2026-04-05 22:26:41","NewLevel","run_started",0.00,0,0,"start_screen_dismissed"
"2026-04-05 22:30:25","NewLevel","run_started",0.00,0,0,"start_screen_dismissed"
"2026-04-05 22:30:56","NewLevel","run_started",0.00,0,0,"start_screen_dismissed"
"2026-04-05 22:31:06","NewLevel","run_started",0.00,0,0,"start_screen_dismissed"
"2026-04-05 23:42:14","NewLevel","run_started",0.00,0,0,"start_screen_dismissed"
"2026-04-05 23:42:22","NewLevel","death",8.31,1,1,"Resident one-shot"
"2026-04-05 23:42:24","NewLevel","run_started",0.00,0,1,"start_screen_dismissed"
"2026-04-05 23:45:06","NewLevel","run_started",0.00,0,0,"start_screen_dismissed"
"2026-04-05 23:56:25","Tutorial","run_started",0.00,0,0,"start_screen_dismissed"
"2026-04-05 23:57:12","NewLevel","run_started",0.00,0,0,"start_screen_dismissed"
"2026-04-06 00:16:27","Tutorial","run_started",0.00,0,0,"start_screen_dismissed"
"2026-04-06 00:17:43","Tutorial","run_started",0.00,0,0,"start_screen_dismissed"
"2026-04-06 00:18:03","NewLevel","run_started",0.00,0,0,"start_screen_dismissed"
"2026-04-06 00:24:26","Tutorial","run_started",0.00,0,0,"start_screen_dismissed"
"2026-04-06 00:24:55","Tutorial","run_started",0.00,0,0,"start_screen_dismissed"
"2026-04-06 00:25:20","Tutorial","run_started",0.00,0,0,"start_screen_dismissed"
"2026-04-06 00:25:44","Tutorial","run_started",0.00,0,0,"start_screen_dismissed"
"2026-04-06 00:26:01","Tutorial","run_started",0.00,0,0,"start_screen_dismissed"
"2026-04-06 00:26:34","Tutorial","run_started",0.00,0,0,"start_screen_dismissed"
"2026-04-06 00:26:53","Tutorial","run_started",0.00,0,0,"start_screen_dismissed"
"2026-04-06 00:27:10","Tutorial","run_started",0.00,0,0,"start_screen_dismissed"
"2026-04-06 00:28:43","Tutorial","run_started",0.00,0,0,"start_screen_dismissed"
"2026-04-06 00:30:36","Tutorial","run_started",0.00,0,0,"start_screen_dismissed"
"2026-04-06 00:32:37","Tutorial","run_started",0.00,0,0,"start_screen_dismissed"
"2026-04-06 00:33:08","Tutorial","run_started",0.00,0,0,"start_screen_dismissed"
"2026-04-06 00:33:35","NewLevel","run_started",0.00,0,0,"start_screen_dismissed"
"2026-04-06 00:33:44","Tutorial","run_started",0.00,0,0,"start_screen_dismissed"
"2026-04-06 00:33:59","NewLevel","run_started",0.00,0,0,"start_screen_dismissed"
"2026-04-06 00:34:24","Tutorial","run_started",0.00,0,0,"start_screen_dismissed"
"2026-04-06 00:35:36","Tutorial","run_started",0.00,0,0,"start_screen_dismissed"
"2026-04-06 00:35:47","NewLevel","run_started",0.00,0,0,"start_screen_dismissed"
"2026-04-06 00:35:55","Tutorial","run_started",0.00,0,0,"start_screen_dismissed"
"2026-04-06 00:38:10","Tutorial","run_started",0.00,0,0,"start_screen_dismissed"
"2026-04-06 00:39:04","Tutorial","run_started",0.00,0,0,"start_screen_dismissed"
"2026-04-06 00:39:26","NewLevel","run_started",0.00,0,0,"start_screen_dismissed"
"2026-04-06 00:40:57","Tutorial","run_started",0.00,0,0,"start_screen_dismissed"
"2026-04-06 00:41:15","NewLevel","run_started",0.00,0,0,"start_screen_dismissed"
"2026-04-06 00:41:47","Tutorial","run_started",0.00,0,0,"start_screen_dismissed"
"2026-04-06 00:42:00","NewLevel","run_started",0.00,0,0,"start_screen_dismissed"
"2026-04-06 00:42:20","Tutorial","run_started",0.00,0,0,"start_screen_dismissed"
"2026-04-06 00:42:34","NewLevel","run_started",0.00,0,0,"start_screen_dismissed"
"2026-04-06 00:42:55","Tutorial","run_started",0.00,0,0,"start_screen_dismissed"
"2026-04-06 00:43:47","Tutorial","run_started",0.00,0,0,"start_screen_dismissed"
"2026-04-06 00:49:15","Tutorial","run_started",0.00,0,0,"start_screen_dismissed"
"2026-04-06 00:49:35","NewLevel","run_started",0.00,0,0,"start_screen_dismissed"
"2026-04-06 00:51:36","Tutorial","run_started",0.00,0,0,"start_screen_dismissed"
"2026-04-06 00:51:56","NewLevel","run_started",0.00,0,0,"start_screen_dismissed"
"2026-04-06 00:52:10","Tutorial","run_started",0.00,0,0,"start_screen_dismissed"
"2026-04-06 00:52:27","NewLevel","run_started",0.00,0,0,"start_screen_dismissed"
"2026-04-06 00:52:40","Tutorial","run_started",0.00,0,0,"start_screen_dismissed"
"2026-04-06 00:52:57","NewLevel","run_started",0.00,0,0,"start_screen_dismissed"
"2026-04-06 00:53:11","Tutorial","run_started",0.00,0,0,"start_screen_dismissed"
"2026-04-06 00:53:24","NewLevel","run_started",0.00,0,0,"start_screen_dismissed"
"2026-04-06 00:53:40","Tutorial","run_started",0.00,0,0,"start_screen_dismissed"
"2026-04-06 00:54:00","NewLevel","run_started",0.00,0,0,"start_screen_dismissed"
"2026-04-06 01:10:28","Tutorial","run_started",0.00,0,0,"start_screen_dismissed"
"2026-04-06 01:11:04","Tutorial","run_started",0.00,0,0,"start_screen_dismissed"
"2026-04-06 01:11:30","Tutorial","run_started",0.00,0,0,"start_screen_dismissed"
"2026-04-06 01:14:59","Tutorial","run_started",0.00,0,0,"start_screen_dismissed"
"2026-04-06 01:16:11","Tutorial","run_started",0.00,0,0,"start_screen_dismissed"
"2026-04-06 01:17:08","Tutorial","run_started",0.00,0,0,"start_screen_dismissed"
"2026-04-06 01:21:17","Tutorial","run_started",0.00,0,0,"start_screen_dismissed"
"2026-04-06 01:24:41","Tutorial","run_started",0.00,0,0,"start_screen_dismissed"
"2026-04-06 01:24:57","NewLevel","run_started",0.00,0,0,"start_screen_dismissed"
"2026-04-06 01:25:07","Tutorial","run_started",0.00,0,0,"start_screen_dismissed"
"2026-04-06 01:26:17","Tutorial","run_started",0.00,0,0,"start_screen_dismissed"
"2026-04-06 01:26:43","NewLevel","run_started",0.00,0,0,"start_screen_dismissed"
"2026-04-06 01:26:50","Tutorial","run_started",0.00,0,0,"start_screen_dismissed"
"2026-04-06 15:45:07","Tutorial","run_started",0.00,0,0,"start_screen_dismissed"
"2026-04-06 15:49:15","Tutorial","run_started",0.00,0,0,"start_screen_dismissed"
"2026-04-06 15:50:26","Tutorial","run_started",0.00,0,0,"start_screen_dismissed"
"2026-04-06 15:51:15","NewLevel","run_started",0.00,0,0,"start_screen_dismissed"
"2026-04-06 15:51:26","Tutorial","run_started",0.00,0,0,"start_screen_dismissed"
"2026-04-06 15:51:41","Tutorial","run_started",0.00,0,0,"start_screen_dismissed"
"2026-04-06 15:53:33","Tutorial","run_started",0.00,0,0,"start_screen_dismissed"
"2026-04-06 15:54:06","NewLevel","run_started",0.00,0,0,"start_screen_dismissed"
"2026-04-06 16:05:24","Tutorial","run_started",0.00,0,0,"start_screen_dismissed"
"2026-04-06 16:05:53","Tutorial","run_started",0.00,0,0,"start_screen_dismissed"
"2026-04-06 16:06:30","NewLevel","run_started",0.00,0,0,"start_screen_dismissed"
"2026-04-06 17:34:58","Tutorial","run_started",0.00,0,0,"start_screen_dismissed"
"2026-04-06 17:35:12","Tutorial","run_started",0.00,0,0,"start_screen_dismissed"
"2026-04-06 17:35:58","NewLevel","run_started",0.00,0,0,"start_screen_dismissed"
"2026-04-06 17:38:16","Tutorial","run_started",0.00,0,0,"start_screen_dismissed"
"2026-04-06 17:40:33","Tutorial","run_started",0.00,0,0,"start_screen_dismissed"
